status	path	bytes
created	unity-client/Assets/HitMe/Art/Arenas.meta	172
modified	unity-client/Assets/HitMe/Art/LICENSES.md	2100
created	unity-client/Assets/HitMe/Editor/ArenaArtSetup.cs	1678
created	unity-client/Assets/HitMe/Editor/ArenaArtSetup.cs.meta	59
modified	unity-client/Assets/HitMe/Editor/CharacterAssetPipeline.cs	11508
modified	unity-client/Assets/HitMe/Editor/CharacterPngImporter.cs	1665
created	unity-client/Assets/HitMe/Resources/Arenas.meta	172
modified	unity-client/Assets/HitMe/Tests/CharacterEditMode/CharacterAssetTests.cs	5091
modified	unity-client/Assets/HitMe/Tests/PlayMode/CharacterVisualTests.cs	7667
created	unity-client/Assets/HitMe/Scripts/Characters/CharacterAtlasRegistry.cs	878
created	unity-client/Assets/HitMe/Scripts/Characters/CharacterAtlasRegistry.cs.meta	59
modified	unity-client/Assets/HitMe/Scripts/Characters/CharacterCatalog.cs	512
modified	unity-client/Assets/HitMe/Scripts/Characters/CharacterVisual.cs	5940
modified	unity-client/Assets/HitMe/Scripts/Characters/WeaponDefinition.cs	548
created	unity-client/Assets/HitMe/Scripts/UI/ArenaArtDefinition.cs	249
created	unity-client/Assets/HitMe/Scripts/UI/ArenaArtDefinition.cs.meta	59
modified	unity-client/Assets/HitMe/Scripts/UI/BattleView.cs	21062
modified	unity-client/Assets/HitMe/Scripts/UI/BattleView.Offline.cs	12937
modified	unity-client/Assets/HitMe/ScriptableObjects/Characters/Chao.asset	693
modified	unity-client/Assets/HitMe/ScriptableObjects/Characters/Char01_Player.asset	1527
modified	unity-client/Assets/HitMe/ScriptableObjects/Characters/Char02_BotMale.asset	1531
modified	unity-client/Assets/HitMe/ScriptableObjects/Characters/Char03_BotFemale.asset	1554
modified	unity-client/Assets/HitMe/ScriptableObjects/Characters/DepToOng.asset	705
modified	unity-client/Assets/HitMe/ScriptableObjects/Characters/Vot.asset	690
created	unity-client/Assets/HitMe/Resources/Arenas/LangQueBacBo.asset	599
created	unity-client/Assets/HitMe/Resources/Arenas/LangQueBacBo.asset.meta	189
created	unity-client/Assets/HitMe/Resources/Characters/CharacterAtlasRegistry.asset	553
created	unity-client/Assets/HitMe/Resources/Characters/CharacterAtlasRegistry.asset.meta	189
modified	unity-client/Assets/HitMe/Resources/Characters/CharacterCatalog.asset	771
modified	unity-client/Assets/HitMe/Prefabs/Characters/Char01_Player.prefab	3292
modified	unity-client/Assets/HitMe/Prefabs/Characters/Char02_BotMale.prefab	3291
modified	unity-client/Assets/HitMe/Prefabs/Characters/Char03_BotFemale.prefab	3296
created	unity-client/Assets/HitMe/Art/Arenas/LangQueBacBo.meta	172
modified	unity-client/Assets/HitMe/Art/Characters/HitMeCharacters.spriteatlas	1833
modified	unity-client/Assets/HitMe/Art/Characters/README.md	318
created	unity-client/Assets/HitMe/Art/Weapons/Chao/held.png	1059464
created	unity-client/Assets/HitMe/Art/Weapons/Chao/held.png.meta	3654
created	unity-client/Assets/HitMe/Art/Weapons/DepToOng/held.png	1167627
created	unity-client/Assets/HitMe/Art/Weapons/DepToOng/held.png.meta	3654
created	unity-client/Assets/HitMe/Art/Weapons/Vot/held.png	607099
created	unity-client/Assets/HitMe/Art/Weapons/Vot/held.png.meta	3653
created	unity-client/Assets/HitMe/Art/Characters/Char03_BotFemale/Idle/frame_000.png	1113195
created	unity-client/Assets/HitMe/Art/Characters/Char03_BotFemale/Idle/frame_000.png.meta	3670
created	unity-client/Assets/HitMe/Art/Characters/Char02_BotMale/Idle/frame_000.png	980306
created	unity-client/Assets/HitMe/Art/Characters/Char02_BotMale/Idle/frame_000.png.meta	3671
created	unity-client/Assets/HitMe/Art/Characters/Char01_Player/Idle/frame_000.png	1085772
created	unity-client/Assets/HitMe/Art/Characters/Char01_Player/Idle/frame_000.png.meta	3671
created	unity-client/Assets/HitMe/Art/Arenas/LangQueBacBo/backdrop.png	3390906
created	unity-client/Assets/HitMe/Art/Arenas/LangQueBacBo/backdrop.png.meta	3662
created	unity-client/Assets/HitMe/Art/Arenas/LangQueBacBo/sand.png	1843628
created	unity-client/Assets/HitMe/Art/Arenas/LangQueBacBo/sand.png.meta	3654
modified	tests/verify-sprint3a.py	1333
