path	bytes
AGENTS.md	948
README.md	2346
server/README.md	391
shared/README.md	364
tests/verify-fonts.py	991
tests/verify-prototype.py	850
tools/foundation-inventory.py	738
tools/provision-foundation.py	3221
tools/unity.ps1	2105
unity-client/.gitignore	76
unity-client/Assets/DefaultVolumeProfile.asset	20480
unity-client/Assets/DefaultVolumeProfile.asset.meta	189
unity-client/Assets/HitMe/Art/LICENSES.md	1461
unity-client/Assets/HitMe/Art/LICENSES.md.meta	158
unity-client/Assets/HitMe/Art.meta	172
unity-client/Assets/HitMe/Editor/FoundationSetup.cs	4516
unity-client/Assets/HitMe/Editor/FoundationSetup.cs.meta	59
unity-client/Assets/HitMe/Editor/HitMe.Editor.asmdef	239
unity-client/Assets/HitMe/Editor/HitMe.Editor.asmdef.meta	166
unity-client/Assets/HitMe/Editor.meta	172
unity-client/Assets/HitMe/Resources/Art/manifest.json	1624
unity-client/Assets/HitMe/Resources/Art/manifest.json.meta	158
unity-client/Assets/HitMe/Resources/Art.meta	172
unity-client/Assets/HitMe/Resources/Fonts/NotoSansSymbols2-OFL.txt	4383
unity-client/Assets/HitMe/Resources/Fonts/NotoSansSymbols2-OFL.txt.meta	158
unity-client/Assets/HitMe/Resources/Fonts/NotoSansSymbols2-Regular.ttf	1233128
unity-client/Assets/HitMe/Resources/Fonts/NotoSansSymbols2-Regular.ttf.meta	504
unity-client/Assets/HitMe/Resources/Fonts/Nunito.ttf	132404
unity-client/Assets/HitMe/Resources/Fonts/Nunito.ttf.meta	497
unity-client/Assets/HitMe/Resources/Fonts/OFL.txt	4385
unity-client/Assets/HitMe/Resources/Fonts/OFL.txt.meta	158
unity-client/Assets/HitMe/Resources/Fonts.meta	172
unity-client/Assets/HitMe/Resources/foundation-config.json	320
unity-client/Assets/HitMe/Resources/foundation-config.json.meta	158
unity-client/Assets/HitMe/Resources/Localization/en.json	1732
unity-client/Assets/HitMe/Resources/Localization/en.json.meta	158
unity-client/Assets/HitMe/Resources/Localization/vi.json	1867
unity-client/Assets/HitMe/Resources/Localization/vi.json.meta	158
unity-client/Assets/HitMe/Resources/Localization.meta	172
unity-client/Assets/HitMe/Resources.meta	172
unity-client/Assets/HitMe/Scenes/Battle.unity	4812
unity-client/Assets/HitMe/Scenes/Battle.unity.meta	155
unity-client/Assets/HitMe/Scenes/Boot.unity	4820
unity-client/Assets/HitMe/Scenes/Boot.unity.meta	155
unity-client/Assets/HitMe/Scenes/CharacterSelect.unity	4812
unity-client/Assets/HitMe/Scenes/CharacterSelect.unity.meta	155
unity-client/Assets/HitMe/Scenes/Lobby.unity	4820
unity-client/Assets/HitMe/Scenes/Lobby.unity.meta	155
unity-client/Assets/HitMe/Scenes/MainMenu.unity	4820
unity-client/Assets/HitMe/Scenes/MainMenu.unity.meta	155
unity-client/Assets/HitMe/Scenes/Result.unity	4812
unity-client/Assets/HitMe/Scenes/Result.unity.meta	155
unity-client/Assets/HitMe/Scenes.meta	172
unity-client/Assets/HitMe/Scripts/Arena/README.md	146
unity-client/Assets/HitMe/Scripts/Arena/README.md.meta	158
unity-client/Assets/HitMe/Scripts/Arena.meta	172
unity-client/Assets/HitMe/Scripts/Audio/README.md	146
unity-client/Assets/HitMe/Scripts/Audio/README.md.meta	158
unity-client/Assets/HitMe/Scripts/Audio.meta	172
unity-client/Assets/HitMe/Scripts/Characters/CharacterManifest.cs	1258
unity-client/Assets/HitMe/Scripts/Characters/CharacterManifest.cs.meta	59
unity-client/Assets/HitMe/Scripts/Characters.meta	172
unity-client/Assets/HitMe/Scripts/Combat/README.md	147
unity-client/Assets/HitMe/Scripts/Combat/README.md.meta	158
unity-client/Assets/HitMe/Scripts/Combat.meta	172
unity-client/Assets/HitMe/Scripts/Core/ArenaViewport.cs	1137
unity-client/Assets/HitMe/Scripts/Core/ArenaViewport.cs.meta	59
unity-client/Assets/HitMe/Scripts/Core/FoundationConfig.cs	1454
unity-client/Assets/HitMe/Scripts/Core/FoundationConfig.cs.meta	59
unity-client/Assets/HitMe/Scripts/Core/Geometry.cs	3849
unity-client/Assets/HitMe/Scripts/Core/Geometry.cs.meta	59
unity-client/Assets/HitMe/Scripts/Core/HitMe.Core.asmdef	90
unity-client/Assets/HitMe/Scripts/Core/HitMe.Core.asmdef.meta	166
unity-client/Assets/HitMe/Scripts/Core/PlacementSession.cs	2331
unity-client/Assets/HitMe/Scripts/Core/PlacementSession.cs.meta	59
unity-client/Assets/HitMe/Scripts/Core.meta	172
unity-client/Assets/HitMe/Scripts/HitMe.Runtime.asmdef	97
unity-client/Assets/HitMe/Scripts/HitMe.Runtime.asmdef.meta	166
unity-client/Assets/HitMe/Scripts/Localization/FoundationFonts.cs	764
unity-client/Assets/HitMe/Scripts/Localization/FoundationFonts.cs.meta	59
unity-client/Assets/HitMe/Scripts/Localization/Strings.cs	929
unity-client/Assets/HitMe/Scripts/Localization/Strings.cs.meta	59
unity-client/Assets/HitMe/Scripts/Localization.meta	172
unity-client/Assets/HitMe/Scripts/Networking/README.md	151
unity-client/Assets/HitMe/Scripts/Networking/README.md.meta	158
unity-client/Assets/HitMe/Scripts/Networking.meta	172
unity-client/Assets/HitMe/Scripts/UI/ArenaInput.cs	829
unity-client/Assets/HitMe/Scripts/UI/ArenaInput.cs.meta	59
unity-client/Assets/HitMe/Scripts/UI/BattleView.cs	17734
unity-client/Assets/HitMe/Scripts/UI/BattleView.cs.meta	59
unity-client/Assets/HitMe/Scripts/UI/EllipseGraphic.cs	2010
unity-client/Assets/HitMe/Scripts/UI/EllipseGraphic.cs.meta	59
unity-client/Assets/HitMe/Scripts/UI/FoundationMenu.cs	2490
unity-client/Assets/HitMe/Scripts/UI/FoundationMenu.cs.meta	59
unity-client/Assets/HitMe/Scripts/UI/SceneEntry.cs	1314
unity-client/Assets/HitMe/Scripts/UI/SceneEntry.cs.meta	59
unity-client/Assets/HitMe/Scripts/UI.meta	172
unity-client/Assets/HitMe/Scripts.meta	172
unity-client/Assets/HitMe/Settings/HitMe2DURP.asset	4915
unity-client/Assets/HitMe/Settings/HitMe2DURP.asset.meta	189
unity-client/Assets/HitMe/Settings/Renderer2D.asset	2036
unity-client/Assets/HitMe/Settings/Renderer2D.asset.meta	189
unity-client/Assets/HitMe/Settings.meta	172
unity-client/Assets/HitMe/Tests/EditMode/FoundationTests.cs	4761
unity-client/Assets/HitMe/Tests/EditMode/FoundationTests.cs.meta	59
unity-client/Assets/HitMe/Tests/EditMode/HitMe.EditMode.asmdef	146
unity-client/Assets/HitMe/Tests/EditMode/HitMe.EditMode.asmdef.meta	166
unity-client/Assets/HitMe/Tests/EditMode.meta	172
unity-client/Assets/HitMe/Tests/PlayMode/BattleSmokeTests.cs	11370
unity-client/Assets/HitMe/Tests/PlayMode/BattleSmokeTests.cs.meta	59
unity-client/Assets/HitMe/Tests/PlayMode/HitMe.PlayMode.asmdef	143
unity-client/Assets/HitMe/Tests/PlayMode/HitMe.PlayMode.asmdef.meta	166
unity-client/Assets/HitMe/Tests/PlayMode.meta	172
unity-client/Assets/HitMe/Tests.meta	172
unity-client/Assets/HitMe.meta	172
unity-client/Assets/UniversalRenderPipelineGlobalSettings.asset	28788
unity-client/Assets/UniversalRenderPipelineGlobalSettings.asset.meta	189
unity-client/Assets/WebGLTemplates/HitMePortrait/index.html	2338
unity-client/Assets/WebGLTemplates/HitMePortrait/index.html.meta	155
unity-client/Assets/WebGLTemplates/HitMePortrait.meta	172
unity-client/Assets/WebGLTemplates.meta	172
unity-client/Packages/manifest.json	513
unity-client/Packages/packages-lock.json	5646
unity-client/ProjectSettings/AudioManager.asset	523
unity-client/ProjectSettings/ClusterInputManager.asset	114
unity-client/ProjectSettings/DynamicsManager.asset	1575
unity-client/ProjectSettings/EditorBuildSettings.asset	771
unity-client/ProjectSettings/EditorSettings.asset	1691
unity-client/ProjectSettings/GraphicsSettings.asset	3007
unity-client/ProjectSettings/InputManager.asset	5816
unity-client/ProjectSettings/MemorySettings.asset	1265
unity-client/ProjectSettings/MultiplayerManager.asset	157
unity-client/ProjectSettings/NavMeshAreas.asset	1361
unity-client/ProjectSettings/Physics2DSettings.asset	1863
unity-client/ProjectSettings/PhysicsCoreProjectSettings2D.asset	151
unity-client/ProjectSettings/PresetManager.asset	146
unity-client/ProjectSettings/ProjectAuditorSettings.asset	1036
unity-client/ProjectSettings/ProjectSettings.asset	20659
unity-client/ProjectSettings/ProjectVersion.txt	83
unity-client/ProjectSettings/QualitySettings.asset	10138
unity-client/ProjectSettings/SceneTemplateSettings.json	3535
unity-client/ProjectSettings/ShaderGraphSettings.asset	633
unity-client/ProjectSettings/TagManager.asset	443
unity-client/ProjectSettings/TimeManager.asset	305
unity-client/ProjectSettings/UnityConnectSettings.asset	1191
unity-client/ProjectSettings/VersionControlSettings.asset	172
unity-client/ProjectSettings/VFXManager.asset	558
